cluster,popularity,opportunity_score
0,51,100.0
5,45,88.23529411764706
2,44,86.27450980392157
6,43,84.31372549019608
18,41,80.3921568627451
11,38,74.50980392156863
16,37,72.54901960784314
14,35,68.62745098039215
9,31,60.78431372549019
17,29,56.86274509803921
13,29,56.86274509803921
4,24,47.05882352941176
1,24,47.05882352941176
15,24,47.05882352941176
12,21,41.17647058823529
8,21,41.17647058823529
3,19,37.254901960784316
19,18,35.294117647058826
10,15,29.411764705882355
7,11,21.568627450980394
